{"cameraMode":{"drawMode":0,"name":"Shaded","section":"Shading Mode"},"sceneLighting":false,"audioPlay":false,"sceneViewState":{"m_AlwaysRefresh":false,"showFog":true,"showSkybox":false,"showFlares":true,"showImageEffects":true,"showParticleSystems":true,"showVisualEffectGraphs":true,"m_FxEnabled":true},"in2DMode":false,"pivot":{"x":19.555322647094728,"y":3.012371063232422,"z":4.781280517578125},"rotation":{"x":-0.47690024971961977,"y":-0.15453825891017915,"z":0.08559372276067734,"w":-0.8610315322875977},"size":11.033164024353028,"orthographic":false}