{"cameraMode":{"drawMode":0,"name":"Shaded","section":"Shading Mode"},"sceneLighting":true,"audioPlay":false,"sceneViewState":{"m_AlwaysRefresh":false,"showFog":true,"showSkybox":true,"showFlares":true,"showImageEffects":true,"showParticleSystems":true,"showVisualEffectGraphs":true,"m_FxEnabled":true},"in2DMode":false,"pivot":{"x":18.542068481445314,"y":3.4766178131103517,"z":-24.36115264892578},"rotation":{"x":0.2779163718223572,"y":0.7204126715660095,"z":-0.47747692465782168,"w":0.41931310296058657},"size":18.41184425354004,"orthographic":false}